Timestamp,RTCM_Message_ID,Description,Count,Message_Length,Status
2026-10-04 20:10:16.293,1095,Galileo MSM5 Observation,140,231,TARGET
2026-10-04 20:10:17.286,1006,Reference Station ARP + Antenna Height,141,27,TARGET
2026-10-04 20:10:17.286,1008,Antenna Descriptor & Serial Number,141,32,TARGET
2026-10-04 20:10:17.286,1033,Receiver & Antenna Descriptor,141,35,TARGET
2026-10-04 20:10:17.287,1075,GPS MSM5 Observation,141,296,TARGET
2026-10-04 20:10:17.287,1125,BeiDou MSM5 Observation,141,429,TARGET
2026-10-04 20:10:17.288,1095,Galileo MSM5 Observation,141,231,TARGET
2026-10-04 20:10:18.292,1006,Reference Station ARP + Antenna Height,142,27,TARGET
2026-10-04 20:10:18.292,1008,Antenna Descriptor & Serial Number,142,32,TARGET
2026-10-04 20:10:18.292,1033,Receiver & Antenna Descriptor,142,35,TARGET
2026-10-04 20:10:18.293,1075,GPS MSM5 Observation,142,296,TARGET
2026-10-04 20:10:18.294,1125,BeiDou MSM5 Observation,142,429,TARGET
2026-10-04 20:10:18.294,1095,Galileo MSM5 Observation,142,231,TARGET
2026-10-04 20:10:19.292,1006,Reference Station ARP + Antenna Height,143,27,TARGET
2026-10-04 20:10:19.292,1008,Antenna Descriptor & Serial Number,143,32,TARGET
2026-10-04 20:10:19.292,1033,Receiver & Antenna Descriptor,143,35,TARGET
2026-10-04 20:10:19.293,1075,GPS MSM5 Observation,143,296,TARGET
2026-10-04 20:10:19.293,1125,BeiDou MSM5 Observation,143,429,TARGET
2026-10-04 20:10:19.294,1095,Galileo MSM5 Observation,143,231,TARGET
2026-10-04 20:10:20.283,1006,Reference Station ARP + Antenna Height,144,27,TARGET
2026-10-04 20:10:20.283,1008,Antenna Descriptor & Serial Number,144,32,TARGET
2026-10-04 20:10:20.283,1033,Receiver & Antenna Descriptor,144,35,TARGET
2026-10-04 20:10:20.284,1075,GPS MSM5 Observation,144,296,TARGET
2026-10-04 20:10:20.284,1125,BeiDou MSM5 Observation,144,429,TARGET
2026-10-04 20:10:20.285,1095,Galileo MSM5 Observation,144,231,TARGET
2026-10-04 20:10:21.290,1006,Reference Station ARP + Antenna Height,145,27,TARGET
2026-10-04 20:10:21.290,1008,Antenna Descriptor & Serial Number,145,32,TARGET
2026-10-04 20:10:21.290,1033,Receiver & Antenna Descriptor,145,35,TARGET
2026-10-04 20:10:21.291,1075,GPS MSM5 Observation,145,296,TARGET
2026-10-04 20:10:21.292,1125,BeiDou MSM5 Observation,145,429,TARGET
2026-10-04 20:10:21.292,1095,Galileo MSM5 Observation,145,231,TARGET
2026-10-04 20:10:22.317,1006,Reference Station ARP + Antenna Height,146,27,TARGET
2026-10-04 20:10:22.317,1008,Antenna Descriptor & Serial Number,146,32,TARGET
2026-10-04 20:10:22.317,1033,Receiver & Antenna Descriptor,146,35,TARGET
2026-10-04 20:10:22.318,1075,GPS MSM5 Observation,146,296,TARGET
2026-10-04 20:10:22.319,1125,BeiDou MSM5 Observation,146,429,TARGET
2026-10-04 20:10:22.319,1095,Galileo MSM5 Observation,146,231,TARGET
2026-10-04 20:10:23.285,1006,Reference Station ARP + Antenna Height,147,27,TARGET
2026-10-04 20:10:23.285,1008,Antenna Descriptor & Serial Number,147,32,TARGET
2026-10-04 20:10:23.285,1033,Receiver & Antenna Descriptor,147,35,TARGET
2026-10-04 20:10:23.286,1075,GPS MSM5 Observation,147,296,TARGET
2026-10-04 20:10:23.287,1125,BeiDou MSM5 Observation,147,429,TARGET
2026-10-04 20:10:23.287,1095,Galileo MSM5 Observation,147,231,TARGET
2026-10-04 20:10:24.305,1006,Reference Station ARP + Antenna Height,148,27,TARGET
2026-10-04 20:10:24.305,1008,Antenna Descriptor & Serial Number,148,32,TARGET
2026-10-04 20:10:24.305,1033,Receiver & Antenna Descriptor,148,35,TARGET
2026-10-04 20:10:24.306,1075,GPS MSM5 Observation,148,296,TARGET
2026-10-04 20:10:24.307,1125,BeiDou MSM5 Observation,148,429,TARGET
2026-10-04 20:10:24.307,1095,Galileo MSM5 Observation,148,231,TARGET
2026-10-04 20:10:25.294,1006,Reference Station ARP + Antenna Height,149,27,TARGET
2026-10-04 20:10:25.294,1008,Antenna Descriptor & Serial Number,149,32,TARGET
2026-10-04 20:10:25.295,1033,Receiver & Antenna Descriptor,149,35,TARGET
2026-10-04 20:10:25.295,1075,GPS MSM5 Observation,149,296,TARGET
2026-10-04 20:10:25.296,1125,BeiDou MSM5 Observation,149,429,TARGET
2026-10-04 20:10:25.296,1095,Galileo MSM5 Observation,149,231,TARGET
2026-10-04 20:10:26.293,1006,Reference Station ARP + Antenna Height,150,27,TARGET
2026-10-04 20:10:26.293,1008,Antenna Descriptor & Serial Number,150,32,TARGET
2026-10-04 20:10:26.293,1033,Receiver & Antenna Descriptor,150,35,TARGET
2026-10-04 20:10:26.294,1075,GPS MSM5 Observation,150,296,TARGET
2026-10-04 20:10:26.295,1125,BeiDou MSM5 Observation,150,429,TARGET
2026-10-04 20:10:26.295,1095,Galileo MSM5 Observation,150,231,TARGET
2026-10-04 20:10:27.286,1006,Reference Station ARP + Antenna Height,151,27,TARGET
2026-10-04 20:10:27.286,1008,Antenna Descriptor & Serial Number,151,32,TARGET
2026-10-04 20:10:27.286,1033,Receiver & Antenna Descriptor,151,35,TARGET
2026-10-04 20:10:27.287,1075,GPS MSM5 Observation,151,296,TARGET
2026-10-04 20:10:27.288,1125,BeiDou MSM5 Observation,151,429,TARGET
2026-10-04 20:10:27.288,1095,Galileo MSM5 Observation,151,231,TARGET
2026-10-04 20:10:28.283,1006,Reference Station ARP + Antenna Height,152,27,TARGET
2026-10-04 20:10:28.283,1008,Antenna Descriptor & Serial Number,152,32,TARGET
2026-10-04 20:10:28.283,1033,Receiver & Antenna Descriptor,152,35,TARGET
2026-10-04 20:10:28.284,1075,GPS MSM5 Observation,152,296,TARGET
2026-10-04 20:10:28.285,1125,BeiDou MSM5 Observation,152,429,TARGET
2026-10-04 20:10:28.285,1095,Galileo MSM5 Observation,152,231,TARGET
2026-10-04 20:10:29.289,1006,Reference Station ARP + Antenna Height,153,27,TARGET
2026-10-04 20:10:29.289,1008,Antenna Descriptor & Serial Number,153,32,TARGET
2026-10-04 20:10:29.289,1033,Receiver & Antenna Descriptor,153,35,TARGET
2026-10-04 20:10:29.290,1075,GPS MSM5 Observation,153,296,TARGET
2026-10-04 20:10:29.290,1125,BeiDou MSM5 Observation,153,429,TARGET
2026-10-04 20:10:29.291,1095,Galileo MSM5 Observation,153,231,TARGET
2026-10-04 20:10:30.294,1006,Reference Station ARP + Antenna Height,154,27,TARGET
2026-10-04 20:10:30.294,1008,Antenna Descriptor & Serial Number,154,32,TARGET
2026-10-04 20:10:30.294,1033,Receiver & Antenna Descriptor,154,35,TARGET
2026-10-04 20:10:30.295,1075,GPS MSM5 Observation,154,296,TARGET
2026-10-04 20:10:30.296,1125,BeiDou MSM5 Observation,154,429,TARGET
2026-10-04 20:10:30.296,1095,Galileo MSM5 Observation,154,231,TARGET
2026-10-04 20:10:31.287,1006,Reference Station ARP + Antenna Height,155,27,TARGET
2026-10-04 20:10:31.287,1008,Antenna Descriptor & Serial Number,155,32,TARGET
2026-10-04 20:10:31.288,1033,Receiver & Antenna Descriptor,155,35,TARGET
2026-10-04 20:10:31.288,1075,GPS MSM5 Observation,155,296,TARGET
2026-10-04 20:10:31.289,1125,BeiDou MSM5 Observation,155,429,TARGET
2026-10-04 20:10:31.289,1095,Galileo MSM5 Observation,155,231,TARGET
2026-10-04 20:10:32.308,1006,Reference Station ARP + Antenna Height,156,27,TARGET
2026-10-04 20:10:32.308,1008,Antenna Descriptor & Serial Number,156,32,TARGET
2026-10-04 20:10:32.309,1033,Receiver & Antenna Descriptor,156,35,TARGET
2026-10-04 20:10:32.309,1075,GPS MSM5 Observation,156,296,TARGET
2026-10-04 20:10:32.310,1125,BeiDou MSM5 Observation,156,429,TARGET
2026-10-04 20:10:32.310,1095,Galileo MSM5 Observation,156,231,TARGET
2026-10-04 20:10:32.808,1020,GLONASS Satellite Ephemeris,25,51,TARGET
2026-10-04 20:10:33.290,1006,Reference Station ARP + Antenna Height,157,27,TARGET
2026-10-04 20:10:33.290,1008,Antenna Descriptor & Serial Number,157,32,TARGET
2026-10-04 20:10:33.290,1033,Receiver & Antenna Descriptor,157,35,TARGET
2026-10-04 20:10:33.290,1075,GPS MSM5 Observation,157,296,TARGET
2026-10-04 20:10:33.291,1125,BeiDou MSM5 Observation,157,429,TARGET
2026-10-04 20:10:33.292,1095,Galileo MSM5 Observation,157,231,TARGET
2026-10-04 20:10:34.291,1006,Reference Station ARP + Antenna Height,158,27,TARGET
2026-10-04 20:10:34.292,1008,Antenna Descriptor & Serial Number,158,32,TARGET
2026-10-04 20:10:34.292,1033,Receiver & Antenna Descriptor,158,35,TARGET
2026-10-04 20:10:34.292,1075,GPS MSM5 Observation,158,296,TARGET
2026-10-04 20:10:34.293,1125,BeiDou MSM5 Observation,158,429,TARGET
2026-10-04 20:10:34.293,1095,Galileo MSM5 Observation,158,231,TARGET
2026-10-04 20:10:35.280,1006,Reference Station ARP + Antenna Height,159,27,TARGET
2026-10-04 20:10:35.281,1008,Antenna Descriptor & Serial Number,159,32,TARGET
2026-10-04 20:10:35.281,1033,Receiver & Antenna Descriptor,159,35,TARGET
2026-10-04 20:10:35.281,1075,GPS MSM5 Observation,159,296,TARGET
2026-10-04 20:10:35.282,1125,BeiDou MSM5 Observation,159,429,TARGET
2026-10-04 20:10:35.282,1095,Galileo MSM5 Observation,159,231,TARGET
2026-10-04 20:10:36.300,1006,Reference Station ARP + Antenna Height,160,27,TARGET
2026-10-04 20:10:36.300,1008,Antenna Descriptor & Serial Number,160,32,TARGET
2026-10-04 20:10:36.300,1033,Receiver & Antenna Descriptor,160,35,TARGET
2026-10-04 20:10:36.301,1075,GPS MSM5 Observation,160,296,TARGET
2026-10-04 20:10:36.302,1125,BeiDou MSM5 Observation,160,429,TARGET
2026-10-04 20:10:36.302,1095,Galileo MSM5 Observation,160,231,TARGET
2026-10-04 20:10:37.282,1006,Reference Station ARP + Antenna Height,161,27,TARGET
2026-10-04 20:10:37.282,1008,Antenna Descriptor & Serial Number,161,32,TARGET
2026-10-04 20:10:37.282,1033,Receiver & Antenna Descriptor,161,35,TARGET
2026-10-04 20:10:37.283,1075,GPS MSM5 Observation,161,296,TARGET
2026-10-04 20:10:37.283,1125,BeiDou MSM5 Observation,161,429,TARGET
2026-10-04 20:10:37.284,1095,Galileo MSM5 Observation,161,231,TARGET
2026-10-04 20:10:38.291,1006,Reference Station ARP + Antenna Height,162,27,TARGET
2026-10-04 20:10:38.292,1008,Antenna Descriptor & Serial Number,162,32,TARGET
2026-10-04 20:10:38.292,1033,Receiver & Antenna Descriptor,162,35,TARGET
2026-10-04 20:10:38.292,1075,GPS MSM5 Observation,162,296,TARGET
2026-10-04 20:10:38.293,1125,BeiDou MSM5 Observation,162,429,TARGET
2026-10-04 20:10:38.293,1095,Galileo MSM5 Observation,162,231,TARGET
2026-10-04 20:10:39.294,1006,Reference Station ARP + Antenna Height,163,27,TARGET
2026-10-04 20:10:39.295,1008,Antenna Descriptor & Serial Number,163,32,TARGET
2026-10-04 20:10:39.295,1033,Receiver & Antenna Descriptor,163,35,TARGET
2026-10-04 20:10:39.295,1075,GPS MSM5 Observation,163,296,TARGET
2026-10-04 20:10:39.296,1125,BeiDou MSM5 Observation,163,429,TARGET
2026-10-04 20:10:39.296,1095,Galileo MSM5 Observation,163,231,TARGET
2026-10-04 20:10:40.299,1006,Reference Station ARP + Antenna Height,164,27,TARGET
2026-10-04 20:10:40.299,1008,Antenna Descriptor & Serial Number,164,32,TARGET
2026-10-04 20:10:40.299,1033,Receiver & Antenna Descriptor,164,35,TARGET
2026-10-04 20:10:40.300,1075,GPS MSM5 Observation,164,296,TARGET
2026-10-04 20:10:40.301,1125,BeiDou MSM5 Observation,164,429,TARGET
2026-10-04 20:10:40.301,1095,Galileo MSM5 Observation,164,231,TARGET
2026-10-04 20:10:41.292,1006,Reference Station ARP + Antenna Height,165,27,TARGET
2026-10-04 20:10:41.292,1008,Antenna Descriptor & Serial Number,165,32,TARGET
2026-10-04 20:10:41.293,1033,Receiver & Antenna Descriptor,165,35,TARGET
2026-10-04 20:10:41.293,1075,GPS MSM5 Observation,165,296,TARGET
2026-10-04 20:10:41.294,1125,BeiDou MSM5 Observation,165,429,TARGET
2026-10-04 20:10:41.294,1095,Galileo MSM5 Observation,165,231,TARGET
2026-10-04 20:10:42.328,1006,Reference Station ARP + Antenna Height,166,27,TARGET
2026-10-04 20:10:42.328,1008,Antenna Descriptor & Serial Number,166,32,TARGET
2026-10-04 20:10:42.328,1033,Receiver & Antenna Descriptor,166,35,TARGET
2026-10-04 20:10:42.329,1075,GPS MSM5 Observation,166,296,TARGET
2026-10-04 20:10:42.330,1125,BeiDou MSM5 Observation,166,429,TARGET
2026-10-04 20:10:42.330,1095,Galileo MSM5 Observation,166,231,TARGET
2026-10-04 20:10:43.282,1006,Reference Station ARP + Antenna Height,167,27,TARGET
2026-10-04 20:10:43.283,1008,Antenna Descriptor & Serial Number,167,32,TARGET
2026-10-04 20:10:43.283,1033,Receiver & Antenna Descriptor,167,35,TARGET
2026-10-04 20:10:43.284,1075,GPS MSM5 Observation,167,296,TARGET
2026-10-04 20:10:43.284,1125,BeiDou MSM5 Observation,167,429,TARGET
2026-10-04 20:10:43.285,1095,Galileo MSM5 Observation,167,231,TARGET
2026-10-04 20:10:44.301,1006,Reference Station ARP + Antenna Height,168,27,TARGET
2026-10-04 20:10:44.301,1008,Antenna Descriptor & Serial Number,168,32,TARGET
2026-10-04 20:10:44.302,1033,Receiver & Antenna Descriptor,168,35,TARGET
2026-10-04 20:10:44.302,1075,GPS MSM5 Observation,168,296,TARGET
2026-10-04 20:10:44.303,1125,BeiDou MSM5 Observation,168,429,TARGET
2026-10-04 20:10:44.303,1095,Galileo MSM5 Observation,168,231,TARGET
2026-10-04 20:10:45.215,1029,Unicode Text String,5,28,TARGET
2026-10-04 20:10:45.292,1006,Reference Station ARP + Antenna Height,169,27,TARGET
2026-10-04 20:10:45.292,1008,Antenna Descriptor & Serial Number,169,32,TARGET
2026-10-04 20:10:45.292,1033,Receiver & Antenna Descriptor,169,35,TARGET
2026-10-04 20:10:45.293,1075,GPS MSM5 Observation,169,296,TARGET
2026-10-04 20:10:45.294,1125,BeiDou MSM5 Observation,169,429,TARGET
2026-10-04 20:10:45.294,1095,Galileo MSM5 Observation,169,231,TARGET
2026-10-04 20:10:46.287,1006,Reference Station ARP + Antenna Height,170,27,TARGET
2026-10-04 20:10:46.287,1008,Antenna Descriptor & Serial Number,170,32,TARGET
2026-10-04 20:10:46.287,1033,Receiver & Antenna Descriptor,170,35,TARGET
2026-10-04 20:10:46.288,1075,GPS MSM5 Observation,170,296,TARGET
2026-10-04 20:10:46.289,1125,BeiDou MSM5 Observation,170,429,TARGET
2026-10-04 20:10:46.289,1095,Galileo MSM5 Observation,170,231,TARGET
2026-10-04 20:10:47.297,1006,Reference Station ARP + Antenna Height,171,27,TARGET
2026-10-04 20:10:47.297,1008,Antenna Descriptor & Serial Number,171,32,TARGET
2026-10-04 20:10:47.297,1033,Receiver & Antenna Descriptor,171,35,TARGET
2026-10-04 20:10:47.298,1075,GPS MSM5 Observation,171,296,TARGET
2026-10-04 20:10:47.299,1125,BeiDou MSM5 Observation,171,429,TARGET
2026-10-04 20:10:47.299,1095,Galileo MSM5 Observation,171,231,TARGET
2026-10-04 20:10:48.294,1006,Reference Station ARP + Antenna Height,172,27,TARGET
2026-10-04 20:10:48.294,1008,Antenna Descriptor & Serial Number,172,32,TARGET
2026-10-04 20:10:48.294,1033,Receiver & Antenna Descriptor,172,35,TARGET
2026-10-04 20:10:48.295,1075,GPS MSM5 Observation,172,296,TARGET
2026-10-04 20:10:48.295,1125,BeiDou MSM5 Observation,172,429,TARGET
2026-10-04 20:10:48.296,1095,Galileo MSM5 Observation,172,231,TARGET
2026-10-04 20:10:49.299,1006,Reference Station ARP + Antenna Height,173,27,TARGET
2026-10-04 20:10:49.300,1008,Antenna Descriptor & Serial Number,173,32,TARGET
2026-10-04 20:10:49.300,1033,Receiver & Antenna Descriptor,173,35,TARGET
2026-10-04 20:10:49.300,1075,GPS MSM5 Observation,173,296,TARGET
2026-10-04 20:10:49.301,1125,BeiDou MSM5 Observation,173,429,TARGET
2026-10-04 20:10:49.301,1095,Galileo MSM5 Observation,173,231,TARGET
2026-10-04 20:10:50.287,1006,Reference Station ARP + Antenna Height,174,27,TARGET
2026-10-04 20:10:50.288,1008,Antenna Descriptor & Serial Number,174,32,TARGET
2026-10-04 20:10:50.288,1033,Receiver & Antenna Descriptor,174,35,TARGET
2026-10-04 20:10:50.288,1075,GPS MSM5 Observation,174,296,TARGET
2026-10-04 20:10:50.289,1125,BeiDou MSM5 Observation,174,429,TARGET
2026-10-04 20:10:50.289,1095,Galileo MSM5 Observation,174,231,TARGET
2026-10-04 20:10:51.300,1006,Reference Station ARP + Antenna Height,175,27,TARGET
2026-10-04 20:10:51.300,1008,Antenna Descriptor & Serial Number,175,32,TARGET
2026-10-04 20:10:51.300,1033,Receiver & Antenna Descriptor,175,35,TARGET
2026-10-04 20:10:51.301,1075,GPS MSM5 Observation,175,296,TARGET
2026-10-04 20:10:51.301,1125,BeiDou MSM5 Observation,175,429,TARGET
2026-10-04 20:10:51.302,1095,Galileo MSM5 Observation,175,231,TARGET
2026-10-04 20:10:52.328,1006,Reference Station ARP + Antenna Height,176,27,TARGET
2026-10-04 20:10:52.328,1008,Antenna Descriptor & Serial Number,176,32,TARGET
2026-10-04 20:10:52.328,1033,Receiver & Antenna Descriptor,176,35,TARGET
2026-10-04 20:10:52.329,1075,GPS MSM5 Observation,176,296,TARGET
2026-10-04 20:10:52.330,1125,BeiDou MSM5 Observation,176,429,TARGET
2026-10-04 20:10:52.330,1095,Galileo MSM5 Observation,176,231,TARGET
2026-10-04 20:10:53.295,1006,Reference Station ARP + Antenna Height,177,27,TARGET
2026-10-04 20:10:53.295,1008,Antenna Descriptor & Serial Number,177,32,TARGET
2026-10-04 20:10:53.296,1033,Receiver & Antenna Descriptor,177,35,TARGET
2026-10-04 20:10:53.296,1075,GPS MSM5 Observation,177,296,TARGET
2026-10-04 20:10:53.297,1125,BeiDou MSM5 Observation,177,429,TARGET
2026-10-04 20:10:53.297,1095,Galileo MSM5 Observation,177,231,TARGET
2026-10-04 20:10:54.295,1006,Reference Station ARP + Antenna Height,178,27,TARGET
2026-10-04 20:10:54.296,1008,Antenna Descriptor & Serial Number,178,32,TARGET
2026-10-04 20:10:54.296,1033,Receiver & Antenna Descriptor,178,35,TARGET
2026-10-04 20:10:54.296,1075,GPS MSM5 Observation,178,296,TARGET
2026-10-04 20:10:54.297,1125,BeiDou MSM5 Observation,178,429,TARGET
2026-10-04 20:10:54.297,1095,Galileo MSM5 Observation,178,231,TARGET
2026-10-04 20:10:55.291,1006,Reference Station ARP + Antenna Height,179,27,TARGET
2026-10-04 20:10:55.292,1008,Antenna Descriptor & Serial Number,179,32,TARGET
2026-10-04 20:10:55.292,1033,Receiver & Antenna Descriptor,179,35,TARGET
2026-10-04 20:10:55.292,1075,GPS MSM5 Observation,179,296,TARGET
2026-10-04 20:10:55.293,1125,BeiDou MSM5 Observation,179,429,TARGET
2026-10-04 20:10:55.294,1095,Galileo MSM5 Observation,179,231,TARGET
2026-10-04 20:10:56.290,1006,Reference Station ARP + Antenna Height,180,27,TARGET
2026-10-04 20:10:56.290,1008,Antenna Descriptor & Serial Number,180,32,TARGET
2026-10-04 20:10:56.290,1033,Receiver & Antenna Descriptor,180,35,TARGET
2026-10-04 20:10:56.291,1075,GPS MSM5 Observation,180,296,TARGET
2026-10-04 20:10:56.292,1125,BeiDou MSM5 Observation,180,429,TARGET
2026-10-04 20:10:56.292,1095,Galileo MSM5 Observation,180,231,TARGET
2026-10-04 20:10:57.306,1006,Reference Station ARP + Antenna Height,181,27,TARGET
2026-10-04 20:10:57.306,1008,Antenna Descriptor & Serial Number,181,32,TARGET
2026-10-04 20:10:57.306,1033,Receiver & Antenna Descriptor,181,35,TARGET
2026-10-04 20:10:57.306,1075,GPS MSM5 Observation,181,296,TARGET
2026-10-04 20:10:57.307,1125,BeiDou MSM5 Observation,181,429,TARGET
2026-10-04 20:10:57.308,1095,Galileo MSM5 Observation,181,231,TARGET
2026-10-04 20:10:58.291,1006,Reference Station ARP + Antenna Height,182,27,TARGET
2026-10-04 20:10:58.291,1008,Antenna Descriptor & Serial Number,182,32,TARGET
2026-10-04 20:10:58.291,1033,Receiver & Antenna Descriptor,182,35,TARGET
2026-10-04 20:10:58.292,1075,GPS MSM5 Observation,182,296,TARGET
2026-10-04 20:10:58.292,1125,BeiDou MSM5 Observation,182,429,TARGET
2026-10-04 20:10:58.293,1095,Galileo MSM5 Observation,182,231,TARGET
2026-10-04 20:10:59.299,1006,Reference Station ARP + Antenna Height,183,27,TARGET
2026-10-04 20:10:59.299,1008,Antenna Descriptor & Serial Number,183,32,TARGET
2026-10-04 20:10:59.299,1033,Receiver & Antenna Descriptor,183,35,TARGET
2026-10-04 20:11:00.361,1075,GPS MSM5 Observation,183,296,TARGET
2026-10-04 20:11:00.362,1125,BeiDou MSM5 Observation,183,429,TARGET
2026-10-04 20:11:00.362,1095,Galileo MSM5 Observation,183,231,TARGET
2026-10-04 20:11:00.362,1006,Reference Station ARP + Antenna Height,184,27,TARGET
2026-10-04 20:11:00.362,1008,Antenna Descriptor & Serial Number,184,32,TARGET
2026-10-04 20:11:00.362,1033,Receiver & Antenna Descriptor,184,35,TARGET
2026-10-04 20:11:00.363,1075,GPS MSM5 Observation,184,296,TARGET
2026-10-04 20:11:00.363,1125,BeiDou MSM5 Observation,184,429,TARGET
2026-10-04 20:11:00.364,1095,Galileo MSM5 Observation,184,231,TARGET
2026-10-04 20:11:01.293,1006,Reference Station ARP + Antenna Height,185,27,TARGET
2026-10-04 20:11:01.294,1008,Antenna Descriptor & Serial Number,185,32,TARGET
2026-10-04 20:11:01.294,1033,Receiver & Antenna Descriptor,185,35,TARGET
2026-10-04 20:11:01.294,1075,GPS MSM5 Observation,185,296,TARGET
2026-10-04 20:11:01.295,1125,BeiDou MSM5 Observation,185,429,TARGET
2026-10-04 20:11:01.295,1095,Galileo MSM5 Observation,185,231,TARGET
2026-10-04 20:11:02.327,1006,Reference Station ARP + Antenna Height,186,27,TARGET
2026-10-04 20:11:02.327,1008,Antenna Descriptor & Serial Number,186,32,TARGET
2026-10-04 20:11:02.327,1033,Receiver & Antenna Descriptor,186,35,TARGET
2026-10-04 20:11:02.327,1075,GPS MSM5 Observation,186,296,TARGET
2026-10-04 20:11:02.328,1125,BeiDou MSM5 Observation,186,429,TARGET
2026-10-04 20:11:02.329,1095,Galileo MSM5 Observation,186,231,TARGET
2026-10-04 20:11:03.294,1006,Reference Station ARP + Antenna Height,187,27,TARGET
2026-10-04 20:11:03.295,1008,Antenna Descriptor & Serial Number,187,32,TARGET
2026-10-04 20:11:03.295,1033,Receiver & Antenna Descriptor,187,35,TARGET
2026-10-04 20:11:03.295,1075,GPS MSM5 Observation,187,296,TARGET
2026-10-04 20:11:03.296,1125,BeiDou MSM5 Observation,187,429,TARGET
2026-10-04 20:11:03.296,1095,Galileo MSM5 Observation,187,231,TARGET
2026-10-04 20:11:04.301,1006,Reference Station ARP + Antenna Height,188,27,TARGET
2026-10-04 20:11:04.301,1008,Antenna Descriptor & Serial Number,188,32,TARGET
2026-10-04 20:11:04.301,1033,Receiver & Antenna Descriptor,188,35,TARGET
2026-10-04 20:11:04.302,1075,GPS MSM5 Observation,188,296,TARGET
2026-10-04 20:11:04.302,1125,BeiDou MSM5 Observation,188,429,TARGET
2026-10-04 20:11:04.303,1095,Galileo MSM5 Observation,188,231,TARGET
2026-10-04 20:11:05.296,1006,Reference Station ARP + Antenna Height,189,27,TARGET
2026-10-04 20:11:05.296,1008,Antenna Descriptor & Serial Number,189,32,TARGET
2026-10-04 20:11:05.296,1033,Receiver & Antenna Descriptor,189,35,TARGET
2026-10-04 20:11:05.297,1075,GPS MSM5 Observation,189,296,TARGET
2026-10-04 20:11:05.298,1125,BeiDou MSM5 Observation,189,429,TARGET
2026-10-04 20:11:05.298,1095,Galileo MSM5 Observation,189,231,TARGET
2026-10-04 20:11:06.296,1006,Reference Station ARP + Antenna Height,190,27,TARGET
2026-10-04 20:11:06.296,1008,Antenna Descriptor & Serial Number,190,32,TARGET
2026-10-04 20:11:06.296,1033,Receiver & Antenna Descriptor,190,35,TARGET
2026-10-04 20:11:06.297,1075,GPS MSM5 Observation,190,296,TARGET
2026-10-04 20:11:06.297,1125,BeiDou MSM5 Observation,190,429,TARGET
2026-10-04 20:11:06.298,1095,Galileo MSM5 Observation,190,231,TARGET
2026-10-04 20:11:07.291,1006,Reference Station ARP + Antenna Height,191,27,TARGET
2026-10-04 20:11:07.291,1008,Antenna Descriptor & Serial Number,191,32,TARGET
2026-10-04 20:11:07.291,1033,Receiver & Antenna Descriptor,191,35,TARGET
2026-10-04 20:11:07.292,1075,GPS MSM5 Observation,191,296,TARGET
2026-10-04 20:11:07.293,1125,BeiDou MSM5 Observation,191,429,TARGET
2026-10-04 20:11:07.293,1095,Galileo MSM5 Observation,191,231,TARGET
2026-10-04 20:11:08.292,1006,Reference Station ARP + Antenna Height,192,27,TARGET
2026-10-04 20:11:08.292,1008,Antenna Descriptor & Serial Number,192,32,TARGET
2026-10-04 20:11:08.292,1033,Receiver & Antenna Descriptor,192,35,TARGET
2026-10-04 20:11:08.293,1075,GPS MSM5 Observation,192,296,TARGET
2026-10-04 20:11:08.294,1125,BeiDou MSM5 Observation,192,429,TARGET
2026-10-04 20:11:08.294,1095,Galileo MSM5 Observation,192,231,TARGET
2026-10-04 20:11:09.295,1006,Reference Station ARP + Antenna Height,193,27,TARGET
2026-10-04 20:11:09.296,1008,Antenna Descriptor & Serial Number,193,32,TARGET
2026-10-04 20:11:09.296,1033,Receiver & Antenna Descriptor,193,35,TARGET
2026-10-04 20:11:09.296,1075,GPS MSM5 Observation,193,296,TARGET
2026-10-04 20:11:09.297,1125,BeiDou MSM5 Observation,193,429,TARGET
2026-10-04 20:11:09.297,1095,Galileo MSM5 Observation,193,231,TARGET
2026-10-04 20:11:10.289,1006,Reference Station ARP + Antenna Height,194,27,TARGET
2026-10-04 20:11:10.289,1008,Antenna Descriptor & Serial Number,194,32,TARGET
2026-10-04 20:11:10.289,1033,Receiver & Antenna Descriptor,194,35,TARGET
2026-10-04 20:11:10.290,1075,GPS MSM5 Observation,194,296,TARGET
2026-10-04 20:11:10.291,1125,BeiDou MSM5 Observation,194,429,TARGET
2026-10-04 20:11:10.291,1095,Galileo MSM5 Observation,194,231,TARGET
2026-10-04 20:11:11.288,1006,Reference Station ARP + Antenna Height,195,27,TARGET
2026-10-04 20:11:11.289,1008,Antenna Descriptor & Serial Number,195,32,TARGET
2026-10-04 20:11:11.289,1033,Receiver & Antenna Descriptor,195,35,TARGET
2026-10-04 20:11:11.289,1075,GPS MSM5 Observation,195,296,TARGET
2026-10-04 20:11:11.290,1125,BeiDou MSM5 Observation,195,429,TARGET
2026-10-04 20:11:11.290,1095,Galileo MSM5 Observation,195,231,TARGET
2026-10-04 20:11:12.336,1006,Reference Station ARP + Antenna Height,196,27,TARGET
2026-10-04 20:11:12.336,1008,Antenna Descriptor & Serial Number,196,32,TARGET
2026-10-04 20:11:12.336,1033,Receiver & Antenna Descriptor,196,35,TARGET
2026-10-04 20:11:12.337,1075,GPS MSM5 Observation,196,296,TARGET
2026-10-04 20:11:12.338,1125,BeiDou MSM5 Observation,196,429,TARGET
2026-10-04 20:11:12.338,1095,Galileo MSM5 Observation,196,231,TARGET
2026-10-04 20:11:13.066,1042,BeiDou Satellite Ephemeris,64,70,TARGET
2026-10-04 20:11:13.283,1006,Reference Station ARP + Antenna Height,197,27,TARGET
2026-10-04 20:11:13.283,1008,Antenna Descriptor & Serial Number,197,32,TARGET
2026-10-04 20:11:13.283,1033,Receiver & Antenna Descriptor,197,35,TARGET
2026-10-04 20:11:13.284,1075,GPS MSM5 Observation,197,296,TARGET
2026-10-04 20:11:13.284,1125,BeiDou MSM5 Observation,197,429,TARGET
2026-10-04 20:11:13.285,1095,Galileo MSM5 Observation,197,231,TARGET
2026-10-04 20:11:14.287,1006,Reference Station ARP + Antenna Height,198,27,TARGET
2026-10-04 20:11:14.287,1008,Antenna Descriptor & Serial Number,198,32,TARGET
2026-10-04 20:11:14.287,1033,Receiver & Antenna Descriptor,198,35,TARGET
2026-10-04 20:11:14.288,1075,GPS MSM5 Observation,198,296,TARGET
2026-10-04 20:11:14.289,1125,BeiDou MSM5 Observation,198,429,TARGET
2026-10-04 20:11:14.289,1095,Galileo MSM5 Observation,198,231,TARGET
2026-10-04 20:11:15.292,1006,Reference Station ARP + Antenna Height,199,27,TARGET
2026-10-04 20:11:15.292,1008,Antenna Descriptor & Serial Number,199,32,TARGET
2026-10-04 20:11:15.292,1033,Receiver & Antenna Descriptor,199,35,TARGET
2026-10-04 20:11:15.293,1075,GPS MSM5 Observation,199,296,TARGET
2026-10-04 20:11:15.294,1125,BeiDou MSM5 Observation,199,429,TARGET
2026-10-04 20:11:15.294,1095,Galileo MSM5 Observation,199,231,TARGET
2026-10-04 20:11:16.288,1006,Reference Station ARP + Antenna Height,200,27,TARGET
2026-10-04 20:11:16.289,1008,Antenna Descriptor & Serial Number,200,32,TARGET
2026-10-04 20:11:16.289,1033,Receiver & Antenna Descriptor,200,35,TARGET
2026-10-04 20:11:16.289,1075,GPS MSM5 Observation,200,296,TARGET
2026-10-04 20:11:16.290,1125,BeiDou MSM5 Observation,200,429,TARGET
2026-10-04 20:11:16.290,1095,Galileo MSM5 Observation,200,231,TARGET
2026-10-04 20:11:17.297,1006,Reference Station ARP + Antenna Height,201,27,TARGET
2026-10-04 20:11:17.297,1008,Antenna Descriptor & Serial Number,201,32,TARGET
2026-10-04 20:11:17.297,1033,Receiver & Antenna Descriptor,201,35,TARGET
2026-10-04 20:11:17.297,1075,GPS MSM5 Observation,201,296,TARGET
2026-10-04 20:11:17.298,1125,BeiDou MSM5 Observation,201,429,TARGET
2026-10-04 20:11:17.299,1095,Galileo MSM5 Observation,201,231,TARGET
2026-10-04 20:11:18.291,1006,Reference Station ARP + Antenna Height,202,27,TARGET
2026-10-04 20:11:18.291,1008,Antenna Descriptor & Serial Number,202,32,TARGET
2026-10-04 20:11:18.291,1033,Receiver & Antenna Descriptor,202,35,TARGET
2026-10-04 20:11:18.292,1075,GPS MSM5 Observation,202,296,TARGET
2026-10-04 20:11:18.293,1125,BeiDou MSM5 Observation,202,429,TARGET
2026-10-04 20:11:18.293,1095,Galileo MSM5 Observation,202,231,TARGET
2026-10-04 20:11:19.290,1006,Reference Station ARP + Antenna Height,203,27,TARGET
2026-10-04 20:11:19.290,1008,Antenna Descriptor & Serial Number,203,32,TARGET
2026-10-04 20:11:19.290,1033,Receiver & Antenna Descriptor,203,35,TARGET
2026-10-04 20:11:19.291,1075,GPS MSM5 Observation,203,296,TARGET
2026-10-04 20:11:19.292,1125,BeiDou MSM5 Observation,203,429,TARGET
2026-10-04 20:11:19.292,1095,Galileo MSM5 Observation,203,231,TARGET
2026-10-04 20:11:20.291,1006,Reference Station ARP + Antenna Height,204,27,TARGET
2026-10-04 20:11:20.291,1008,Antenna Descriptor & Serial Number,204,32,TARGET
2026-10-04 20:11:20.291,1033,Receiver & Antenna Descriptor,204,35,TARGET
2026-10-04 20:11:20.292,1075,GPS MSM5 Observation,204,296,TARGET
2026-10-04 20:11:20.292,1125,BeiDou MSM5 Observation,204,429,TARGET
2026-10-04 20:11:20.293,1095,Galileo MSM5 Observation,204,231,TARGET
2026-10-04 20:11:21.302,1006,Reference Station ARP + Antenna Height,205,27,TARGET
2026-10-04 20:11:21.302,1008,Antenna Descriptor & Serial Number,205,32,TARGET
2026-10-04 20:11:21.302,1033,Receiver & Antenna Descriptor,205,35,TARGET
2026-10-04 20:11:21.302,1075,GPS MSM5 Observation,205,296,TARGET
2026-10-04 20:11:21.303,1125,BeiDou MSM5 Observation,205,429,TARGET
2026-10-04 20:11:21.304,1095,Galileo MSM5 Observation,205,231,TARGET
2026-10-04 20:11:22.316,1006,Reference Station ARP + Antenna Height,206,27,TARGET
2026-10-04 20:11:22.316,1008,Antenna Descriptor & Serial Number,206,32,TARGET
2026-10-04 20:11:22.317,1033,Receiver & Antenna Descriptor,206,35,TARGET
2026-10-04 20:11:22.317,1075,GPS MSM5 Observation,206,296,TARGET
2026-10-04 20:11:22.318,1125,BeiDou MSM5 Observation,206,429,TARGET
2026-10-04 20:11:22.318,1095,Galileo MSM5 Observation,206,231,TARGET
2026-10-04 20:11:23.293,1006,Reference Station ARP + Antenna Height,207,27,TARGET
2026-10-04 20:11:23.293,1008,Antenna Descriptor & Serial Number,207,32,TARGET
2026-10-04 20:11:23.294,1033,Receiver & Antenna Descriptor,207,35,TARGET
2026-10-04 20:11:23.294,1075,GPS MSM5 Observation,207,296,TARGET
2026-10-04 20:11:23.295,1125,BeiDou MSM5 Observation,207,429,TARGET
2026-10-04 20:11:23.295,1095,Galileo MSM5 Observation,207,231,TARGET
2026-10-04 20:11:24.294,1006,Reference Station ARP + Antenna Height,208,27,TARGET
2026-10-04 20:11:24.295,1008,Antenna Descriptor & Serial Number,208,32,TARGET
2026-10-04 20:11:24.295,1033,Receiver & Antenna Descriptor,208,35,TARGET
2026-10-04 20:11:24.295,1075,GPS MSM5 Observation,208,296,TARGET
2026-10-04 20:11:24.296,1125,BeiDou MSM5 Observation,208,429,TARGET
2026-10-04 20:11:24.296,1095,Galileo MSM5 Observation,208,231,TARGET
2026-10-04 20:11:25.293,1006,Reference Station ARP + Antenna Height,209,27,TARGET
2026-10-04 20:11:25.294,1008,Antenna Descriptor & Serial Number,209,32,TARGET
2026-10-04 20:11:25.294,1033,Receiver & Antenna Descriptor,209,35,TARGET
2026-10-04 20:11:25.294,1075,GPS MSM5 Observation,209,296,TARGET
2026-10-04 20:11:25.295,1125,BeiDou MSM5 Observation,209,429,TARGET
2026-10-04 20:11:25.295,1095,Galileo MSM5 Observation,209,231,TARGET
2026-10-04 20:11:26.291,1006,Reference Station ARP + Antenna Height,210,27,TARGET
2026-10-04 20:11:26.291,1008,Antenna Descriptor & Serial Number,210,32,TARGET
2026-10-04 20:11:26.291,1033,Receiver & Antenna Descriptor,210,35,TARGET
2026-10-04 20:11:26.292,1075,GPS MSM5 Observation,210,296,TARGET
2026-10-04 20:11:26.293,1125,BeiDou MSM5 Observation,210,429,TARGET
2026-10-04 20:11:26.293,1095,Galileo MSM5 Observation,210,231,TARGET
2026-10-04 20:11:27.300,1006,Reference Station ARP + Antenna Height,211,27,TARGET
2026-10-04 20:11:27.300,1008,Antenna Descriptor & Serial Number,211,32,TARGET
2026-10-04 20:11:27.300,1033,Receiver & Antenna Descriptor,211,35,TARGET
2026-10-04 20:11:27.301,1075,GPS MSM5 Observation,211,296,TARGET
2026-10-04 20:11:27.301,1125,BeiDou MSM5 Observation,211,429,TARGET
2026-10-04 20:11:27.302,1095,Galileo MSM5 Observation,211,231,TARGET
2026-10-04 20:11:28.299,1006,Reference Station ARP + Antenna Height,212,27,TARGET
2026-10-04 20:11:28.299,1008,Antenna Descriptor & Serial Number,212,32,TARGET
2026-10-04 20:11:28.299,1033,Receiver & Antenna Descriptor,212,35,TARGET
2026-10-04 20:11:28.299,1075,GPS MSM5 Observation,212,296,TARGET
2026-10-04 20:11:28.300,1125,BeiDou MSM5 Observation,212,429,TARGET
2026-10-04 20:11:28.301,1095,Galileo MSM5 Observation,212,231,TARGET
2026-10-04 20:11:29.288,1006,Reference Station ARP + Antenna Height,213,27,TARGET
2026-10-04 20:11:29.289,1008,Antenna Descriptor & Serial Number,213,32,TARGET
2026-10-04 20:11:29.289,1033,Receiver & Antenna Descriptor,213,35,TARGET
2026-10-04 20:11:29.289,1075,GPS MSM5 Observation,213,296,TARGET
2026-10-04 20:11:29.290,1125,BeiDou MSM5 Observation,213,429,TARGET
2026-10-04 20:11:29.291,1095,Galileo MSM5 Observation,213,231,TARGET
2026-10-04 20:11:30.295,1006,Reference Station ARP + Antenna Height,214,27,TARGET
2026-10-04 20:11:30.295,1008,Antenna Descriptor & Serial Number,214,32,TARGET
2026-10-04 20:11:30.295,1033,Receiver & Antenna Descriptor,214,35,TARGET
2026-10-04 20:11:30.296,1075,GPS MSM5 Observation,214,296,TARGET
2026-10-04 20:11:30.296,1125,BeiDou MSM5 Observation,214,429,TARGET
2026-10-04 20:11:30.297,1095,Galileo MSM5 Observation,214,231,TARGET
2026-10-04 20:11:31.302,1006,Reference Station ARP + Antenna Height,215,27,TARGET
2026-10-04 20:11:31.302,1008,Antenna Descriptor & Serial Number,215,32,TARGET
2026-10-04 20:11:31.302,1033,Receiver & Antenna Descriptor,215,35,TARGET
2026-10-04 20:11:31.303,1075,GPS MSM5 Observation,215,296,TARGET
2026-10-04 20:11:31.303,1125,BeiDou MSM5 Observation,215,429,TARGET
2026-10-04 20:11:31.304,1095,Galileo MSM5 Observation,215,231,TARGET
2026-10-04 20:11:32.319,1006,Reference Station ARP + Antenna Height,216,27,TARGET
2026-10-04 20:11:32.319,1008,Antenna Descriptor & Serial Number,216,32,TARGET
2026-10-04 20:11:32.319,1033,Receiver & Antenna Descriptor,216,35,TARGET
2026-10-04 20:11:32.320,1075,GPS MSM5 Observation,216,296,TARGET
2026-10-04 20:11:32.320,1125,BeiDou MSM5 Observation,216,429,TARGET
2026-10-04 20:11:32.321,1095,Galileo MSM5 Observation,216,231,TARGET
2026-10-04 20:11:33.293,1006,Reference Station ARP + Antenna Height,217,27,TARGET
2026-10-04 20:11:33.293,1008,Antenna Descriptor & Serial Number,217,32,TARGET
2026-10-04 20:11:33.293,1033,Receiver & Antenna Descriptor,217,35,TARGET
2026-10-04 20:11:33.294,1075,GPS MSM5 Observation,217,296,TARGET
2026-10-04 20:11:33.295,1125,BeiDou MSM5 Observation,217,429,TARGET
2026-10-04 20:11:33.295,1095,Galileo MSM5 Observation,217,231,TARGET
2026-10-04 20:11:34.284,1006,Reference Station ARP + Antenna Height,218,27,TARGET
2026-10-04 20:11:34.284,1008,Antenna Descriptor & Serial Number,218,32,TARGET
2026-10-04 20:11:34.284,1033,Receiver & Antenna Descriptor,218,35,TARGET
2026-10-04 20:11:34.285,1075,GPS MSM5 Observation,218,296,TARGET
2026-10-04 20:11:34.286,1125,BeiDou MSM5 Observation,218,429,TARGET
2026-10-04 20:11:34.286,1095,Galileo MSM5 Observation,218,231,TARGET
2026-10-04 20:11:35.289,1006,Reference Station ARP + Antenna Height,219,27,TARGET
2026-10-04 20:11:35.289,1008,Antenna Descriptor & Serial Number,219,32,TARGET
2026-10-04 20:11:35.289,1033,Receiver & Antenna Descriptor,219,35,TARGET
2026-10-04 20:11:35.290,1075,GPS MSM5 Observation,219,296,TARGET
2026-10-04 20:11:35.290,1125,BeiDou MSM5 Observation,219,429,TARGET
2026-10-04 20:11:35.291,1095,Galileo MSM5 Observation,219,231,TARGET
2026-10-04 20:11:36.292,1006,Reference Station ARP + Antenna Height,220,27,TARGET
2026-10-04 20:11:36.292,1008,Antenna Descriptor & Serial Number,220,32,TARGET
2026-10-04 20:11:36.293,1033,Receiver & Antenna Descriptor,220,35,TARGET
2026-10-04 20:11:36.293,1075,GPS MSM5 Observation,220,296,TARGET
2026-10-04 20:11:36.294,1125,BeiDou MSM5 Observation,220,429,TARGET
2026-10-04 20:11:36.294,1095,Galileo MSM5 Observation,220,231,TARGET
2026-10-04 20:11:37.291,1006,Reference Station ARP + Antenna Height,221,27,TARGET
2026-10-04 20:11:37.291,1008,Antenna Descriptor & Serial Number,221,32,TARGET
2026-10-04 20:11:37.291,1033,Receiver & Antenna Descriptor,221,35,TARGET
2026-10-04 20:11:37.292,1075,GPS MSM5 Observation,221,296,TARGET
2026-10-04 20:11:37.293,1125,BeiDou MSM5 Observation,221,429,TARGET
2026-10-04 20:11:37.293,1095,Galileo MSM5 Observation,221,231,TARGET
2026-10-04 20:11:38.297,1006,Reference Station ARP + Antenna Height,222,27,TARGET
2026-10-04 20:11:38.297,1008,Antenna Descriptor & Serial Number,222,32,TARGET
2026-10-04 20:11:38.297,1033,Receiver & Antenna Descriptor,222,35,TARGET
2026-10-04 20:11:38.298,1075,GPS MSM5 Observation,222,296,TARGET
2026-10-04 20:11:38.299,1125,BeiDou MSM5 Observation,222,429,TARGET
2026-10-04 20:11:38.299,1095,Galileo MSM5 Observation,222,231,TARGET
2026-10-04 20:11:39.284,1006,Reference Station ARP + Antenna Height,223,27,TARGET
2026-10-04 20:11:39.285,1008,Antenna Descriptor & Serial Number,223,32,TARGET
2026-10-04 20:11:39.285,1033,Receiver & Antenna Descriptor,223,35,TARGET
2026-10-04 20:11:39.285,1075,GPS MSM5 Observation,223,296,TARGET
2026-10-04 20:11:39.286,1125,BeiDou MSM5 Observation,223,429,TARGET
2026-10-04 20:11:39.286,1095,Galileo MSM5 Observation,223,231,TARGET
2026-10-04 20:11:40.291,1006,Reference Station ARP + Antenna Height,224,27,TARGET
2026-10-04 20:11:40.291,1008,Antenna Descriptor & Serial Number,224,32,TARGET
2026-10-04 20:11:40.291,1033,Receiver & Antenna Descriptor,224,35,TARGET
2026-10-04 20:11:40.292,1075,GPS MSM5 Observation,224,296,TARGET
2026-10-04 20:11:40.293,1125,BeiDou MSM5 Observation,224,429,TARGET
2026-10-04 20:11:40.293,1095,Galileo MSM5 Observation,224,231,TARGET
2026-10-04 20:11:41.215,1029,Unicode Text String,6,28,TARGET
2026-10-04 20:11:41.288,1006,Reference Station ARP + Antenna Height,225,27,TARGET
2026-10-04 20:11:41.288,1008,Antenna Descriptor & Serial Number,225,32,TARGET
2026-10-04 20:11:41.289,1033,Receiver & Antenna Descriptor,225,35,TARGET
2026-10-04 20:11:41.289,1075,GPS MSM5 Observation,225,296,TARGET
2026-10-04 20:11:41.290,1125,BeiDou MSM5 Observation,225,429,TARGET
2026-10-04 20:11:41.290,1095,Galileo MSM5 Observation,225,231,TARGET
2026-10-04 20:11:42.316,1006,Reference Station ARP + Antenna Height,226,27,TARGET
2026-10-04 20:11:42.316,1008,Antenna Descriptor & Serial Number,226,32,TARGET
2026-10-04 20:11:42.316,1033,Receiver & Antenna Descriptor,226,35,TARGET
2026-10-04 20:11:42.317,1075,GPS MSM5 Observation,226,296,TARGET
2026-10-04 20:11:42.318,1125,BeiDou MSM5 Observation,226,429,TARGET
2026-10-04 20:11:42.318,1095,Galileo MSM5 Observation,226,231,TARGET
2026-10-04 20:11:43.292,1006,Reference Station ARP + Antenna Height,227,27,TARGET
2026-10-04 20:11:43.293,1008,Antenna Descriptor & Serial Number,227,32,TARGET
2026-10-04 20:11:43.293,1033,Receiver & Antenna Descriptor,227,35,TARGET
2026-10-04 20:11:43.293,1075,GPS MSM5 Observation,227,296,TARGET
2026-10-04 20:11:43.294,1125,BeiDou MSM5 Observation,227,429,TARGET
2026-10-04 20:11:43.294,1095,Galileo MSM5 Observation,227,231,TARGET
2026-10-04 20:11:44.300,1006,Reference Station ARP + Antenna Height,228,27,TARGET
2026-10-04 20:11:44.301,1008,Antenna Descriptor & Serial Number,228,32,TARGET
2026-10-04 20:11:44.301,1033,Receiver & Antenna Descriptor,228,35,TARGET
2026-10-04 20:11:44.301,1075,GPS MSM5 Observation,228,296,TARGET
2026-10-04 20:11:44.302,1125,BeiDou MSM5 Observation,228,429,TARGET
2026-10-04 20:11:44.302,1095,Galileo MSM5 Observation,228,231,TARGET
2026-10-04 20:11:45.296,1006,Reference Station ARP + Antenna Height,229,27,TARGET
2026-10-04 20:11:45.296,1008,Antenna Descriptor & Serial Number,229,32,TARGET
2026-10-04 20:11:45.296,1033,Receiver & Antenna Descriptor,229,35,TARGET
2026-10-04 20:11:45.297,1075,GPS MSM5 Observation,229,296,TARGET
2026-10-04 20:11:45.298,1125,BeiDou MSM5 Observation,229,429,TARGET
2026-10-04 20:11:45.298,1095,Galileo MSM5 Observation,229,231,TARGET
2026-10-04 20:11:46.282,1006,Reference Station ARP + Antenna Height,230,27,TARGET
2026-10-04 20:11:46.282,1008,Antenna Descriptor & Serial Number,230,32,TARGET
2026-10-04 20:11:46.282,1033,Receiver & Antenna Descriptor,230,35,TARGET
2026-10-04 20:11:46.283,1075,GPS MSM5 Observation,230,296,TARGET
2026-10-04 20:11:46.284,1125,BeiDou MSM5 Observation,230,429,TARGET
2026-10-04 20:11:46.284,1095,Galileo MSM5 Observation,230,231,TARGET
2026-10-04 20:11:47.285,1006,Reference Station ARP + Antenna Height,231,27,TARGET
2026-10-04 20:11:47.285,1008,Antenna Descriptor & Serial Number,231,32,TARGET
2026-10-04 20:11:47.285,1033,Receiver & Antenna Descriptor,231,35,TARGET
2026-10-04 20:11:47.286,1075,GPS MSM5 Observation,231,296,TARGET
2026-10-04 20:11:47.286,1125,BeiDou MSM5 Observation,231,429,TARGET
2026-10-04 20:11:47.287,1095,Galileo MSM5 Observation,231,231,TARGET
2026-10-04 20:11:48.293,1006,Reference Station ARP + Antenna Height,232,27,TARGET
2026-10-04 20:11:48.294,1008,Antenna Descriptor & Serial Number,232,32,TARGET
2026-10-04 20:11:48.294,1033,Receiver & Antenna Descriptor,232,35,TARGET
2026-10-04 20:11:48.294,1075,GPS MSM5 Observation,232,296,TARGET
2026-10-04 20:11:48.295,1125,BeiDou MSM5 Observation,232,429,TARGET
2026-10-04 20:11:48.295,1095,Galileo MSM5 Observation,232,231,TARGET
2026-10-04 20:11:49.290,1006,Reference Station ARP + Antenna Height,233,27,TARGET
2026-10-04 20:11:49.290,1008,Antenna Descriptor & Serial Number,233,32,TARGET
2026-10-04 20:11:49.290,1033,Receiver & Antenna Descriptor,233,35,TARGET
2026-10-04 20:11:49.291,1075,GPS MSM5 Observation,233,296,TARGET
2026-10-04 20:11:49.292,1125,BeiDou MSM5 Observation,233,429,TARGET
2026-10-04 20:11:49.292,1095,Galileo MSM5 Observation,233,231,TARGET
2026-10-04 20:11:50.283,1006,Reference Station ARP + Antenna Height,234,27,TARGET
2026-10-04 20:11:50.283,1008,Antenna Descriptor & Serial Number,234,32,TARGET
2026-10-04 20:11:50.283,1033,Receiver & Antenna Descriptor,234,35,TARGET
2026-10-04 20:11:50.284,1075,GPS MSM5 Observation,234,296,TARGET
2026-10-04 20:11:50.285,1125,BeiDou MSM5 Observation,234,429,TARGET
2026-10-04 20:11:50.285,1095,Galileo MSM5 Observation,234,231,TARGET
2026-10-04 20:11:51.295,1006,Reference Station ARP + Antenna Height,235,27,TARGET
2026-10-04 20:11:51.295,1008,Antenna Descriptor & Serial Number,235,32,TARGET
2026-10-04 20:11:51.295,1033,Receiver & Antenna Descriptor,235,35,TARGET
2026-10-04 20:11:51.296,1075,GPS MSM5 Observation,235,296,TARGET
2026-10-04 20:11:51.297,1125,BeiDou MSM5 Observation,235,429,TARGET
2026-10-04 20:11:51.297,1095,Galileo MSM5 Observation,235,231,TARGET
2026-10-04 20:11:52.308,1006,Reference Station ARP + Antenna Height,236,27,TARGET
2026-10-04 20:11:52.308,1008,Antenna Descriptor & Serial Number,236,32,TARGET
2026-10-04 20:11:52.308,1033,Receiver & Antenna Descriptor,236,35,TARGET
2026-10-04 20:11:52.309,1075,GPS MSM5 Observation,236,296,TARGET
2026-10-04 20:11:52.310,1125,BeiDou MSM5 Observation,236,429,TARGET
2026-10-04 20:11:52.310,1095,Galileo MSM5 Observation,236,231,TARGET
2026-10-04 20:11:53.287,1006,Reference Station ARP + Antenna Height,237,27,TARGET
2026-10-04 20:11:53.287,1008,Antenna Descriptor & Serial Number,237,32,TARGET
2026-10-04 20:11:53.287,1033,Receiver & Antenna Descriptor,237,35,TARGET
2026-10-04 20:11:53.287,1075,GPS MSM5 Observation,237,296,TARGET
2026-10-04 20:11:53.288,1125,BeiDou MSM5 Observation,237,429,TARGET
2026-10-04 20:11:53.289,1095,Galileo MSM5 Observation,237,231,TARGET
2026-10-04 20:11:54.291,1006,Reference Station ARP + Antenna Height,238,27,TARGET
2026-10-04 20:11:54.291,1008,Antenna Descriptor & Serial Number,238,32,TARGET
2026-10-04 20:11:54.291,1033,Receiver & Antenna Descriptor,238,35,TARGET
2026-10-04 20:11:54.291,1075,GPS MSM5 Observation,238,296,TARGET
2026-10-04 20:11:54.292,1125,BeiDou MSM5 Observation,238,429,TARGET
2026-10-04 20:11:54.292,1095,Galileo MSM5 Observation,238,231,TARGET
2026-10-04 20:11:55.292,1006,Reference Station ARP + Antenna Height,239,27,TARGET
2026-10-04 20:11:55.293,1008,Antenna Descriptor & Serial Number,239,32,TARGET
2026-10-04 20:11:55.293,1033,Receiver & Antenna Descriptor,239,35,TARGET
2026-10-04 20:11:55.293,1075,GPS MSM5 Observation,239,296,TARGET
2026-10-04 20:11:55.294,1125,BeiDou MSM5 Observation,239,429,TARGET
2026-10-04 20:11:55.294,1095,Galileo MSM5 Observation,239,231,TARGET
2026-10-04 20:11:56.287,1006,Reference Station ARP + Antenna Height,240,27,TARGET
2026-10-04 20:11:56.287,1008,Antenna Descriptor & Serial Number,240,32,TARGET
2026-10-04 20:11:56.287,1033,Receiver & Antenna Descriptor,240,35,TARGET
2026-10-04 20:11:56.288,1075,GPS MSM5 Observation,240,296,TARGET
2026-10-04 20:11:56.288,1125,BeiDou MSM5 Observation,240,429,TARGET
2026-10-04 20:11:56.289,1095,Galileo MSM5 Observation,240,231,TARGET
2026-10-04 20:11:57.298,1006,Reference Station ARP + Antenna Height,241,27,TARGET
2026-10-04 20:11:57.298,1008,Antenna Descriptor & Serial Number,241,32,TARGET
2026-10-04 20:11:57.298,1033,Receiver & Antenna Descriptor,241,35,TARGET
2026-10-04 20:11:57.299,1075,GPS MSM5 Observation,241,296,TARGET
2026-10-04 20:11:57.300,1125,BeiDou MSM5 Observation,241,429,TARGET
2026-10-04 20:11:57.300,1095,Galileo MSM5 Observation,241,231,TARGET
2026-10-04 20:11:58.292,1006,Reference Station ARP + Antenna Height,242,27,TARGET
2026-10-04 20:11:58.292,1008,Antenna Descriptor & Serial Number,242,32,TARGET
2026-10-04 20:11:58.292,1033,Receiver & Antenna Descriptor,242,35,TARGET
2026-10-04 20:11:58.293,1075,GPS MSM5 Observation,242,296,TARGET
2026-10-04 20:11:58.293,1125,BeiDou MSM5 Observation,242,429,TARGET
2026-10-04 20:11:58.294,1095,Galileo MSM5 Observation,242,231,TARGET
2026-10-04 20:11:59.302,1006,Reference Station ARP + Antenna Height,243,27,TARGET
2026-10-04 20:11:59.302,1008,Antenna Descriptor & Serial Number,243,32,TARGET
2026-10-04 20:11:59.302,1033,Receiver & Antenna Descriptor,243,35,TARGET
2026-10-04 20:11:59.303,1075,GPS MSM5 Observation,243,296,TARGET
2026-10-04 20:11:59.304,1125,BeiDou MSM5 Observation,243,429,TARGET
2026-10-04 20:11:59.304,1095,Galileo MSM5 Observation,243,231,TARGET
2026-10-04 20:12:00.293,1006,Reference Station ARP + Antenna Height,244,27,TARGET
2026-10-04 20:12:00.294,1008,Antenna Descriptor & Serial Number,244,32,TARGET
2026-10-04 20:12:00.294,1033,Receiver & Antenna Descriptor,244,35,TARGET
2026-10-04 20:12:00.294,1075,GPS MSM5 Observation,244,296,TARGET
2026-10-04 20:12:00.295,1125,BeiDou MSM5 Observation,244,429,TARGET
2026-10-04 20:12:00.295,1095,Galileo MSM5 Observation,244,231,TARGET
2026-10-04 20:12:01.294,1006,Reference Station ARP + Antenna Height,245,27,TARGET
2026-10-04 20:12:01.294,1008,Antenna Descriptor & Serial Number,245,32,TARGET
2026-10-04 20:12:01.294,1033,Receiver & Antenna Descriptor,245,35,TARGET
2026-10-04 20:12:02.281,1075,GPS MSM5 Observation,245,296,TARGET
2026-10-04 20:12:02.282,1125,BeiDou MSM5 Observation,245,429,TARGET
2026-10-04 20:12:02.283,1095,Galileo MSM5 Observation,245,231,TARGET
2026-10-04 20:12:02.310,1006,Reference Station ARP + Antenna Height,246,27,TARGET
2026-10-04 20:12:02.310,1008,Antenna Descriptor & Serial Number,246,32,TARGET
2026-10-04 20:12:02.310,1033,Receiver & Antenna Descriptor,246,35,TARGET
2026-10-04 20:12:02.311,1075,GPS MSM5 Observation,246,296,TARGET
2026-10-04 20:12:02.311,1125,BeiDou MSM5 Observation,246,429,TARGET
2026-10-04 20:12:02.312,1095,Galileo MSM5 Observation,246,231,TARGET
2026-10-04 20:12:03.298,1006,Reference Station ARP + Antenna Height,247,27,TARGET
2026-10-04 20:12:03.298,1008,Antenna Descriptor & Serial Number,247,32,TARGET
2026-10-04 20:12:03.299,1033,Receiver & Antenna Descriptor,247,35,TARGET
2026-10-04 20:12:03.299,1075,GPS MSM5 Observation,247,296,TARGET
2026-10-04 20:12:03.300,1125,BeiDou MSM5 Observation,247,429,TARGET
2026-10-04 20:12:03.300,1095,Galileo MSM5 Observation,247,231,TARGET
2026-10-04 20:12:04.286,1006,Reference Station ARP + Antenna Height,248,27,TARGET
2026-10-04 20:12:04.286,1008,Antenna Descriptor & Serial Number,248,32,TARGET
2026-10-04 20:12:04.286,1033,Receiver & Antenna Descriptor,248,35,TARGET
2026-10-04 20:12:04.287,1075,GPS MSM5 Observation,248,296,TARGET
2026-10-04 20:12:04.288,1125,BeiDou MSM5 Observation,248,429,TARGET
2026-10-04 20:12:04.288,1095,Galileo MSM5 Observation,248,231,TARGET
2026-10-04 20:12:05.294,1006,Reference Station ARP + Antenna Height,249,27,TARGET
2026-10-04 20:12:05.294,1008,Antenna Descriptor & Serial Number,249,32,TARGET
2026-10-04 20:12:05.294,1033,Receiver & Antenna Descriptor,249,35,TARGET
2026-10-04 20:12:05.295,1075,GPS MSM5 Observation,249,296,TARGET
2026-10-04 20:12:05.296,1125,BeiDou MSM5 Observation,249,429,TARGET
2026-10-04 20:12:05.296,1095,Galileo MSM5 Observation,249,231,TARGET
2026-10-04 20:12:06.289,1006,Reference Station ARP + Antenna Height,250,27,TARGET
2026-10-04 20:12:06.289,1008,Antenna Descriptor & Serial Number,250,32,TARGET
2026-10-04 20:12:06.289,1033,Receiver & Antenna Descriptor,250,35,TARGET
2026-10-04 20:12:06.290,1075,GPS MSM5 Observation,250,296,TARGET
2026-10-04 20:12:06.290,1125,BeiDou MSM5 Observation,250,429,TARGET
2026-10-04 20:12:06.291,1095,Galileo MSM5 Observation,250,231,TARGET
2026-10-04 20:12:07.292,1006,Reference Station ARP + Antenna Height,251,27,TARGET
2026-10-04 20:12:07.292,1008,Antenna Descriptor & Serial Number,251,32,TARGET
2026-10-04 20:12:07.292,1033,Receiver & Antenna Descriptor,251,35,TARGET
2026-10-04 20:12:07.293,1075,GPS MSM5 Observation,251,296,TARGET
2026-10-04 20:12:07.294,1125,BeiDou MSM5 Observation,251,429,TARGET
2026-10-04 20:12:07.294,1095,Galileo MSM5 Observation,251,231,TARGET
2026-10-04 20:12:08.299,1006,Reference Station ARP + Antenna Height,252,27,TARGET
2026-10-04 20:12:08.299,1008,Antenna Descriptor & Serial Number,252,32,TARGET
2026-10-04 20:12:08.299,1033,Receiver & Antenna Descriptor,252,35,TARGET
2026-10-04 20:12:08.300,1075,GPS MSM5 Observation,252,296,TARGET
2026-10-04 20:12:08.301,1125,BeiDou MSM5 Observation,252,429,TARGET
2026-10-04 20:12:08.301,1095,Galileo MSM5 Observation,252,231,TARGET
2026-10-04 20:12:09.310,1006,Reference Station ARP + Antenna Height,253,27,TARGET
2026-10-04 20:12:09.311,1008,Antenna Descriptor & Serial Number,253,32,TARGET
2026-10-04 20:12:09.311,1033,Receiver & Antenna Descriptor,253,35,TARGET
2026-10-04 20:12:09.311,1075,GPS MSM5 Observation,253,296,TARGET
2026-10-04 20:12:09.312,1125,BeiDou MSM5 Observation,253,429,TARGET
2026-10-04 20:12:09.312,1095,Galileo MSM5 Observation,253,231,TARGET
2026-10-04 20:12:10.299,1006,Reference Station ARP + Antenna Height,254,27,TARGET
2026-10-04 20:12:10.300,1008,Antenna Descriptor & Serial Number,254,32,TARGET
2026-10-04 20:12:10.300,1033,Receiver & Antenna Descriptor,254,35,TARGET
2026-10-04 20:12:10.301,1075,GPS MSM5 Observation,254,296,TARGET
2026-10-04 20:12:10.301,1125,BeiDou MSM5 Observation,254,429,TARGET
2026-10-04 20:12:10.302,1095,Galileo MSM5 Observation,254,231,TARGET
2026-10-04 20:12:11.287,1006,Reference Station ARP + Antenna Height,255,27,TARGET
2026-10-04 20:12:11.287,1008,Antenna Descriptor & Serial Number,255,32,TARGET
2026-10-04 20:12:11.287,1033,Receiver & Antenna Descriptor,255,35,TARGET
2026-10-04 20:12:11.288,1075,GPS MSM5 Observation,255,296,TARGET
2026-10-04 20:12:11.289,1125,BeiDou MSM5 Observation,255,429,TARGET
2026-10-04 20:12:11.289,1095,Galileo MSM5 Observation,255,231,TARGET
2026-10-04 20:12:12.317,1006,Reference Station ARP + Antenna Height,256,27,TARGET
2026-10-04 20:12:12.318,1008,Antenna Descriptor & Serial Number,256,32,TARGET
2026-10-04 20:12:12.318,1033,Receiver & Antenna Descriptor,256,35,TARGET
2026-10-04 20:12:12.318,1075,GPS MSM5 Observation,256,296,TARGET
2026-10-04 20:12:12.319,1125,BeiDou MSM5 Observation,256,429,TARGET
2026-10-04 20:12:12.320,1095,Galileo MSM5 Observation,256,231,TARGET
2026-10-04 20:12:13.286,1006,Reference Station ARP + Antenna Height,257,27,TARGET
2026-10-04 20:12:13.286,1008,Antenna Descriptor & Serial Number,257,32,TARGET
2026-10-04 20:12:13.286,1033,Receiver & Antenna Descriptor,257,35,TARGET
2026-10-04 20:12:13.287,1075,GPS MSM5 Observation,257,296,TARGET
2026-10-04 20:12:13.287,1125,BeiDou MSM5 Observation,257,429,TARGET
2026-10-04 20:12:13.288,1095,Galileo MSM5 Observation,257,231,TARGET
2026-10-04 20:12:14.301,1006,Reference Station ARP + Antenna Height,258,27,TARGET
2026-10-04 20:12:14.301,1008,Antenna Descriptor & Serial Number,258,32,TARGET
2026-10-04 20:12:14.302,1033,Receiver & Antenna Descriptor,258,35,TARGET
2026-10-04 20:12:14.302,1075,GPS MSM5 Observation,258,296,TARGET
2026-10-04 20:12:14.303,1125,BeiDou MSM5 Observation,258,429,TARGET
2026-10-04 20:12:14.303,1095,Galileo MSM5 Observation,258,231,TARGET
2026-10-04 20:12:15.296,1006,Reference Station ARP + Antenna Height,259,27,TARGET
2026-10-04 20:12:15.296,1008,Antenna Descriptor & Serial Number,259,32,TARGET
2026-10-04 20:12:15.296,1033,Receiver & Antenna Descriptor,259,35,TARGET
2026-10-04 20:12:15.297,1075,GPS MSM5 Observation,259,296,TARGET
2026-10-04 20:12:15.298,1125,BeiDou MSM5 Observation,259,429,TARGET
2026-10-04 20:12:15.298,1095,Galileo MSM5 Observation,259,231,TARGET
2026-10-04 20:12:16.302,1006,Reference Station ARP + Antenna Height,260,27,TARGET
2026-10-04 20:12:16.303,1008,Antenna Descriptor & Serial Number,260,32,TARGET
2026-10-04 20:12:16.303,1033,Receiver & Antenna Descriptor,260,35,TARGET
2026-10-04 20:12:16.303,1075,GPS MSM5 Observation,260,296,TARGET
2026-10-04 20:12:16.304,1125,BeiDou MSM5 Observation,260,429,TARGET
2026-10-04 20:12:16.304,1095,Galileo MSM5 Observation,260,231,TARGET
2026-10-04 20:12:17.285,1006,Reference Station ARP + Antenna Height,261,27,TARGET
2026-10-04 20:12:17.285,1008,Antenna Descriptor & Serial Number,261,32,TARGET
2026-10-04 20:12:17.285,1033,Receiver & Antenna Descriptor,261,35,TARGET
2026-10-04 20:12:17.286,1075,GPS MSM5 Observation,261,296,TARGET
2026-10-04 20:12:17.287,1125,BeiDou MSM5 Observation,261,429,TARGET
2026-10-04 20:12:17.287,1095,Galileo MSM5 Observation,261,231,TARGET
2026-10-04 20:12:18.293,1006,Reference Station ARP + Antenna Height,262,27,TARGET
2026-10-04 20:12:18.294,1008,Antenna Descriptor & Serial Number,262,32,TARGET
2026-10-04 20:12:18.294,1033,Receiver & Antenna Descriptor,262,35,TARGET
2026-10-04 20:12:18.294,1075,GPS MSM5 Observation,262,296,TARGET
2026-10-04 20:12:18.295,1125,BeiDou MSM5 Observation,262,429,TARGET
2026-10-04 20:12:18.295,1095,Galileo MSM5 Observation,262,231,TARGET
2026-10-04 20:12:19.288,1006,Reference Station ARP + Antenna Height,263,27,TARGET
2026-10-04 20:12:19.289,1008,Antenna Descriptor & Serial Number,263,32,TARGET
2026-10-04 20:12:19.289,1033,Receiver & Antenna Descriptor,263,35,TARGET
2026-10-04 20:12:19.289,1075,GPS MSM5 Observation,263,296,TARGET
2026-10-04 20:12:19.290,1125,BeiDou MSM5 Observation,263,429,TARGET
2026-10-04 20:12:19.291,1095,Galileo MSM5 Observation,263,231,TARGET
2026-10-04 20:12:20.307,1006,Reference Station ARP + Antenna Height,264,27,TARGET
2026-10-04 20:12:20.307,1008,Antenna Descriptor & Serial Number,264,32,TARGET
2026-10-04 20:12:20.307,1033,Receiver & Antenna Descriptor,264,35,TARGET
2026-10-04 20:12:20.308,1075,GPS MSM5 Observation,264,296,TARGET
2026-10-04 20:12:20.308,1125,BeiDou MSM5 Observation,264,429,TARGET
2026-10-04 20:12:20.309,1095,Galileo MSM5 Observation,264,231,TARGET
2026-10-04 20:12:21.299,1006,Reference Station ARP + Antenna Height,265,27,TARGET
2026-10-04 20:12:21.299,1008,Antenna Descriptor & Serial Number,265,32,TARGET
2026-10-04 20:12:21.299,1033,Receiver & Antenna Descriptor,265,35,TARGET
2026-10-04 20:12:21.300,1075,GPS MSM5 Observation,265,296,TARGET
2026-10-04 20:12:21.301,1125,BeiDou MSM5 Observation,265,429,TARGET
2026-10-04 20:12:21.301,1095,Galileo MSM5 Observation,265,231,TARGET
2026-10-04 20:12:22.312,1006,Reference Station ARP + Antenna Height,266,27,TARGET
2026-10-04 20:12:22.313,1008,Antenna Descriptor & Serial Number,266,32,TARGET
2026-10-04 20:12:22.313,1033,Receiver & Antenna Descriptor,266,35,TARGET
2026-10-04 20:12:22.313,1075,GPS MSM5 Observation,266,296,TARGET
2026-10-04 20:12:22.314,1125,BeiDou MSM5 Observation,266,429,TARGET
2026-10-04 20:12:22.314,1095,Galileo MSM5 Observation,266,231,TARGET
2026-10-04 20:12:23.286,1006,Reference Station ARP + Antenna Height,267,27,TARGET
2026-10-04 20:12:23.286,1008,Antenna Descriptor & Serial Number,267,32,TARGET
2026-10-04 20:12:23.286,1033,Receiver & Antenna Descriptor,267,35,TARGET
2026-10-04 20:12:23.287,1075,GPS MSM5 Observation,267,296,TARGET
2026-10-04 20:12:23.288,1125,BeiDou MSM5 Observation,267,429,TARGET
2026-10-04 20:12:23.288,1095,Galileo MSM5 Observation,267,231,TARGET
2026-10-04 20:12:24.295,1006,Reference Station ARP + Antenna Height,268,27,TARGET
2026-10-04 20:12:24.295,1008,Antenna Descriptor & Serial Number,268,32,TARGET
2026-10-04 20:12:24.295,1033,Receiver & Antenna Descriptor,268,35,TARGET
2026-10-04 20:12:24.296,1075,GPS MSM5 Observation,268,296,TARGET
2026-10-04 20:12:24.297,1125,BeiDou MSM5 Observation,268,429,TARGET
2026-10-04 20:12:24.297,1095,Galileo MSM5 Observation,268,231,TARGET
2026-10-04 20:12:25.306,1006,Reference Station ARP + Antenna Height,269,27,TARGET
2026-10-04 20:12:25.306,1008,Antenna Descriptor & Serial Number,269,32,TARGET
2026-10-04 20:12:25.307,1033,Receiver & Antenna Descriptor,269,35,TARGET
2026-10-04 20:12:25.307,1075,GPS MSM5 Observation,269,296,TARGET
2026-10-04 20:12:25.308,1125,BeiDou MSM5 Observation,269,429,TARGET
2026-10-04 20:12:25.308,1095,Galileo MSM5 Observation,269,231,TARGET
2026-10-04 20:12:26.285,1006,Reference Station ARP + Antenna Height,270,27,TARGET
2026-10-04 20:12:26.285,1008,Antenna Descriptor & Serial Number,270,32,TARGET
2026-10-04 20:12:26.285,1033,Receiver & Antenna Descriptor,270,35,TARGET
2026-10-04 20:12:26.286,1075,GPS MSM5 Observation,270,296,TARGET
2026-10-04 20:12:26.287,1125,BeiDou MSM5 Observation,270,429,TARGET
2026-10-04 20:12:26.287,1095,Galileo MSM5 Observation,270,231,TARGET
2026-10-04 20:12:27.295,1006,Reference Station ARP + Antenna Height,271,27,TARGET
2026-10-04 20:12:27.295,1008,Antenna Descriptor & Serial Number,271,32,TARGET
2026-10-04 20:12:27.295,1033,Receiver & Antenna Descriptor,271,35,TARGET
2026-10-04 20:12:27.296,1075,GPS MSM5 Observation,271,296,TARGET
2026-10-04 20:12:27.297,1125,BeiDou MSM5 Observation,271,429,TARGET
2026-10-04 20:12:27.297,1095,Galileo MSM5 Observation,271,231,TARGET
2026-10-04 20:12:28.290,1006,Reference Station ARP + Antenna Height,272,27,TARGET
2026-10-04 20:12:28.290,1008,Antenna Descriptor & Serial Number,272,32,TARGET
2026-10-04 20:12:28.290,1033,Receiver & Antenna Descriptor,272,35,TARGET
2026-10-04 20:12:28.291,1075,GPS MSM5 Observation,272,296,TARGET
2026-10-04 20:12:28.291,1125,BeiDou MSM5 Observation,272,429,TARGET
2026-10-04 20:12:28.292,1095,Galileo MSM5 Observation,272,231,TARGET
2026-10-04 20:12:29.291,1006,Reference Station ARP + Antenna Height,273,27,TARGET
2026-10-04 20:12:29.291,1008,Antenna Descriptor & Serial Number,273,32,TARGET
2026-10-04 20:12:29.291,1033,Receiver & Antenna Descriptor,273,35,TARGET
2026-10-04 20:12:29.292,1075,GPS MSM5 Observation,273,296,TARGET
2026-10-04 20:12:29.293,1125,BeiDou MSM5 Observation,273,429,TARGET
2026-10-04 20:12:29.293,1095,Galileo MSM5 Observation,273,231,TARGET
2026-10-04 20:12:30.291,1006,Reference Station ARP + Antenna Height,274,27,TARGET
2026-10-04 20:12:30.291,1008,Antenna Descriptor & Serial Number,274,32,TARGET
2026-10-04 20:12:30.291,1033,Receiver & Antenna Descriptor,274,35,TARGET
2026-10-04 20:12:30.292,1075,GPS MSM5 Observation,274,296,TARGET
2026-10-04 20:12:30.293,1125,BeiDou MSM5 Observation,274,429,TARGET
2026-10-04 20:12:30.293,1095,Galileo MSM5 Observation,274,231,TARGET
2026-10-04 20:12:31.290,1006,Reference Station ARP + Antenna Height,275,27,TARGET
2026-10-04 20:12:31.290,1008,Antenna Descriptor & Serial Number,275,32,TARGET
2026-10-04 20:12:31.290,1033,Receiver & Antenna Descriptor,275,35,TARGET
2026-10-04 20:12:31.291,1075,GPS MSM5 Observation,275,296,TARGET
2026-10-04 20:12:31.292,1125,BeiDou MSM5 Observation,275,429,TARGET
2026-10-04 20:12:31.292,1095,Galileo MSM5 Observation,275,231,TARGET
2026-10-04 20:12:32.321,1006,Reference Station ARP + Antenna Height,276,27,TARGET
2026-10-04 20:12:32.321,1008,Antenna Descriptor & Serial Number,276,32,TARGET
2026-10-04 20:12:32.321,1033,Receiver & Antenna Descriptor,276,35,TARGET
2026-10-04 20:12:32.322,1075,GPS MSM5 Observation,276,296,TARGET
2026-10-04 20:12:32.323,1125,BeiDou MSM5 Observation,276,429,TARGET
2026-10-04 20:12:32.323,1095,Galileo MSM5 Observation,276,231,TARGET
2026-10-04 20:12:33.287,1006,Reference Station ARP + Antenna Height,277,27,TARGET
2026-10-04 20:12:33.287,1008,Antenna Descriptor & Serial Number,277,32,TARGET
2026-10-04 20:12:33.287,1033,Receiver & Antenna Descriptor,277,35,TARGET
2026-10-04 20:12:33.288,1075,GPS MSM5 Observation,277,296,TARGET
2026-10-04 20:12:33.289,1125,BeiDou MSM5 Observation,277,429,TARGET
2026-10-04 20:12:33.289,1095,Galileo MSM5 Observation,277,231,TARGET
2026-10-04 20:12:34.291,1006,Reference Station ARP + Antenna Height,278,27,TARGET
2026-10-04 20:12:34.292,1008,Antenna Descriptor & Serial Number,278,32,TARGET
2026-10-04 20:12:34.292,1033,Receiver & Antenna Descriptor,278,35,TARGET
2026-10-04 20:12:34.292,1075,GPS MSM5 Observation,278,296,TARGET
2026-10-04 20:12:34.293,1125,BeiDou MSM5 Observation,278,429,TARGET
2026-10-04 20:12:34.293,1095,Galileo MSM5 Observation,278,231,TARGET
2026-10-04 20:12:35.292,1006,Reference Station ARP + Antenna Height,279,27,TARGET
2026-10-04 20:12:35.292,1008,Antenna Descriptor & Serial Number,279,32,TARGET
2026-10-04 20:12:35.292,1033,Receiver & Antenna Descriptor,279,35,TARGET
2026-10-04 20:12:35.293,1075,GPS MSM5 Observation,279,296,TARGET
2026-10-04 20:12:35.293,1125,BeiDou MSM5 Observation,279,429,TARGET
2026-10-04 20:12:35.294,1095,Galileo MSM5 Observation,279,231,TARGET
2026-10-04 20:12:36.302,1006,Reference Station ARP + Antenna Height,280,27,TARGET
2026-10-04 20:12:36.303,1008,Antenna Descriptor & Serial Number,280,32,TARGET
2026-10-04 20:12:36.303,1033,Receiver & Antenna Descriptor,280,35,TARGET
2026-10-04 20:12:36.303,1075,GPS MSM5 Observation,280,296,TARGET
2026-10-04 20:12:36.304,1125,BeiDou MSM5 Observation,280,429,TARGET
2026-10-04 20:12:36.304,1095,Galileo MSM5 Observation,280,231,TARGET
2026-10-04 20:12:37.215,1029,Unicode Text String,7,28,TARGET
2026-10-04 20:12:37.298,1006,Reference Station ARP + Antenna Height,281,27,TARGET
2026-10-04 20:12:37.299,1008,Antenna Descriptor & Serial Number,281,32,TARGET
2026-10-04 20:12:37.299,1033,Receiver & Antenna Descriptor,281,35,TARGET
2026-10-04 20:12:37.299,1075,GPS MSM5 Observation,281,296,TARGET
2026-10-04 20:12:37.300,1125,BeiDou MSM5 Observation,281,429,TARGET
2026-10-04 20:12:37.300,1095,Galileo MSM5 Observation,281,231,TARGET
2026-10-04 20:12:38.291,1006,Reference Station ARP + Antenna Height,282,27,TARGET
2026-10-04 20:12:38.291,1008,Antenna Descriptor & Serial Number,282,32,TARGET
2026-10-04 20:12:38.291,1033,Receiver & Antenna Descriptor,282,35,TARGET
2026-10-04 20:12:38.292,1075,GPS MSM5 Observation,282,296,TARGET
2026-10-04 20:12:38.293,1125,BeiDou MSM5 Observation,282,429,TARGET
2026-10-04 20:12:38.293,1095,Galileo MSM5 Observation,282,231,TARGET
2026-10-04 20:12:39.292,1006,Reference Station ARP + Antenna Height,283,27,TARGET
2026-10-04 20:12:39.293,1008,Antenna Descriptor & Serial Number,283,32,TARGET
2026-10-04 20:12:39.293,1033,Receiver & Antenna Descriptor,283,35,TARGET
2026-10-04 20:12:39.293,1075,GPS MSM5 Observation,283,296,TARGET
2026-10-04 20:12:39.294,1125,BeiDou MSM5 Observation,283,429,TARGET
2026-10-04 20:12:39.294,1095,Galileo MSM5 Observation,283,231,TARGET
2026-10-04 20:12:40.314,1006,Reference Station ARP + Antenna Height,284,27,TARGET
2026-10-04 20:12:40.314,1008,Antenna Descriptor & Serial Number,284,32,TARGET
2026-10-04 20:12:40.314,1033,Receiver & Antenna Descriptor,284,35,TARGET
2026-10-04 20:12:40.315,1075,GPS MSM5 Observation,284,296,TARGET
2026-10-04 20:12:40.316,1125,BeiDou MSM5 Observation,284,429,TARGET
2026-10-04 20:12:40.316,1095,Galileo MSM5 Observation,284,231,TARGET
2026-10-04 20:12:41.287,1006,Reference Station ARP + Antenna Height,285,27,TARGET
2026-10-04 20:12:41.287,1008,Antenna Descriptor & Serial Number,285,32,TARGET
2026-10-04 20:12:41.287,1033,Receiver & Antenna Descriptor,285,35,TARGET
2026-10-04 20:12:41.288,1075,GPS MSM5 Observation,285,296,TARGET
2026-10-04 20:12:41.289,1125,BeiDou MSM5 Observation,285,429,TARGET
2026-10-04 20:12:41.289,1095,Galileo MSM5 Observation,285,231,TARGET
2026-10-04 20:12:42.336,1006,Reference Station ARP + Antenna Height,286,27,TARGET
2026-10-04 20:12:42.336,1008,Antenna Descriptor & Serial Number,286,32,TARGET
2026-10-04 20:12:42.336,1033,Receiver & Antenna Descriptor,286,35,TARGET
2026-10-04 20:12:42.337,1075,GPS MSM5 Observation,286,296,TARGET
2026-10-04 20:12:42.338,1125,BeiDou MSM5 Observation,286,429,TARGET
2026-10-04 20:12:42.338,1095,Galileo MSM5 Observation,286,231,TARGET
2026-10-04 20:12:42.885,1042,BeiDou Satellite Ephemeris,65,70,TARGET
2026-10-04 20:12:43.310,1006,Reference Station ARP + Antenna Height,287,27,TARGET
2026-10-04 20:12:43.310,1008,Antenna Descriptor & Serial Number,287,32,TARGET
2026-10-04 20:12:43.310,1033,Receiver & Antenna Descriptor,287,35,TARGET
2026-10-04 20:12:43.310,1075,GPS MSM5 Observation,287,296,TARGET
2026-10-04 20:12:43.311,1125,BeiDou MSM5 Observation,287,429,TARGET
2026-10-04 20:12:43.312,1095,Galileo MSM5 Observation,287,231,TARGET
2026-10-04 20:12:44.284,1006,Reference Station ARP + Antenna Height,288,27,TARGET
2026-10-04 20:12:44.284,1008,Antenna Descriptor & Serial Number,288,32,TARGET
2026-10-04 20:12:44.285,1033,Receiver & Antenna Descriptor,288,35,TARGET
2026-10-04 20:12:44.285,1075,GPS MSM5 Observation,288,296,TARGET
2026-10-04 20:12:44.286,1125,BeiDou MSM5 Observation,288,429,TARGET
2026-10-04 20:12:44.286,1095,Galileo MSM5 Observation,288,231,TARGET
2026-10-04 20:12:45.295,1006,Reference Station ARP + Antenna Height,289,27,TARGET
2026-10-04 20:12:45.295,1008,Antenna Descriptor & Serial Number,289,32,TARGET
2026-10-04 20:12:45.295,1033,Receiver & Antenna Descriptor,289,35,TARGET
2026-10-04 20:12:45.296,1075,GPS MSM5 Observation,289,296,TARGET
2026-10-04 20:12:45.297,1125,BeiDou MSM5 Observation,289,429,TARGET
2026-10-04 20:12:45.297,1095,Galileo MSM5 Observation,289,231,TARGET
2026-10-04 20:12:46.289,1006,Reference Station ARP + Antenna Height,290,27,TARGET
2026-10-04 20:12:46.290,1008,Antenna Descriptor & Serial Number,290,32,TARGET
2026-10-04 20:12:46.290,1033,Receiver & Antenna Descriptor,290,35,TARGET
2026-10-04 20:12:46.290,1075,GPS MSM5 Observation,290,296,TARGET
2026-10-04 20:12:46.291,1125,BeiDou MSM5 Observation,290,429,TARGET
2026-10-04 20:12:46.292,1095,Galileo MSM5 Observation,290,231,TARGET
2026-10-04 20:12:47.290,1006,Reference Station ARP + Antenna Height,291,27,TARGET
2026-10-04 20:12:47.290,1008,Antenna Descriptor & Serial Number,291,32,TARGET
2026-10-04 20:12:47.290,1033,Receiver & Antenna Descriptor,291,35,TARGET
2026-10-04 20:12:47.291,1075,GPS MSM5 Observation,291,296,TARGET
2026-10-04 20:12:47.291,1125,BeiDou MSM5 Observation,291,429,TARGET
2026-10-04 20:12:47.292,1095,Galileo MSM5 Observation,291,231,TARGET
2026-10-04 20:12:48.291,1006,Reference Station ARP + Antenna Height,292,27,TARGET
2026-10-04 20:12:48.292,1008,Antenna Descriptor & Serial Number,292,32,TARGET
2026-10-04 20:12:48.292,1033,Receiver & Antenna Descriptor,292,35,TARGET
2026-10-04 20:12:48.292,1075,GPS MSM5 Observation,292,296,TARGET
2026-10-04 20:12:48.293,1125,BeiDou MSM5 Observation,292,429,TARGET
2026-10-04 20:12:48.293,1095,Galileo MSM5 Observation,292,231,TARGET
2026-10-04 20:12:49.299,1006,Reference Station ARP + Antenna Height,293,27,TARGET
2026-10-04 20:12:49.299,1008,Antenna Descriptor & Serial Number,293,32,TARGET
2026-10-04 20:12:49.299,1033,Receiver & Antenna Descriptor,293,35,TARGET
2026-10-04 20:12:49.300,1075,GPS MSM5 Observation,293,296,TARGET
2026-10-04 20:12:49.300,1125,BeiDou MSM5 Observation,293,429,TARGET
2026-10-04 20:12:49.301,1095,Galileo MSM5 Observation,293,231,TARGET
2026-10-04 20:12:50.285,1006,Reference Station ARP + Antenna Height,294,27,TARGET
2026-10-04 20:12:50.285,1008,Antenna Descriptor & Serial Number,294,32,TARGET
2026-10-04 20:12:50.285,1033,Receiver & Antenna Descriptor,294,35,TARGET
2026-10-04 20:12:50.286,1075,GPS MSM5 Observation,294,296,TARGET
2026-10-04 20:12:50.286,1125,BeiDou MSM5 Observation,294,429,TARGET
2026-10-04 20:12:50.287,1095,Galileo MSM5 Observation,294,231,TARGET
2026-10-04 20:12:51.289,1006,Reference Station ARP + Antenna Height,295,27,TARGET
2026-10-04 20:12:51.290,1008,Antenna Descriptor & Serial Number,295,32,TARGET
2026-10-04 20:12:51.290,1033,Receiver & Antenna Descriptor,295,35,TARGET
2026-10-04 20:12:51.290,1075,GPS MSM5 Observation,295,296,TARGET
2026-10-04 20:12:51.291,1125,BeiDou MSM5 Observation,295,429,TARGET
2026-10-04 20:12:51.291,1095,Galileo MSM5 Observation,295,231,TARGET
2026-10-04 20:12:52.320,1006,Reference Station ARP + Antenna Height,296,27,TARGET
2026-10-04 20:12:52.320,1008,Antenna Descriptor & Serial Number,296,32,TARGET
2026-10-04 20:12:52.320,1033,Receiver & Antenna Descriptor,296,35,TARGET
2026-10-04 20:12:52.321,1075,GPS MSM5 Observation,296,296,TARGET
2026-10-04 20:12:52.322,1125,BeiDou MSM5 Observation,296,429,TARGET
2026-10-04 20:12:52.323,1095,Galileo MSM5 Observation,296,231,TARGET
2026-10-04 20:12:53.290,1006,Reference Station ARP + Antenna Height,297,27,TARGET
2026-10-04 20:12:53.290,1008,Antenna Descriptor & Serial Number,297,32,TARGET
2026-10-04 20:12:53.290,1033,Receiver & Antenna Descriptor,297,35,TARGET
2026-10-04 20:12:53.291,1075,GPS MSM5 Observation,297,296,TARGET
2026-10-04 20:12:53.292,1125,BeiDou MSM5 Observation,297,429,TARGET
2026-10-04 20:12:53.292,1095,Galileo MSM5 Observation,297,231,TARGET
2026-10-04 20:12:54.291,1006,Reference Station ARP + Antenna Height,298,27,TARGET
2026-10-04 20:12:54.292,1008,Antenna Descriptor & Serial Number,298,32,TARGET
2026-10-04 20:12:54.292,1033,Receiver & Antenna Descriptor,298,35,TARGET
2026-10-04 20:12:54.292,1075,GPS MSM5 Observation,298,296,TARGET
2026-10-04 20:12:54.293,1125,BeiDou MSM5 Observation,298,429,TARGET
2026-10-04 20:12:54.293,1095,Galileo MSM5 Observation,298,231,TARGET
2026-10-04 20:12:55.288,1006,Reference Station ARP + Antenna Height,299,27,TARGET
2026-10-04 20:12:55.288,1008,Antenna Descriptor & Serial Number,299,32,TARGET
2026-10-04 20:12:55.288,1033,Receiver & Antenna Descriptor,299,35,TARGET
2026-10-04 20:12:55.288,1075,GPS MSM5 Observation,299,296,TARGET
2026-10-04 20:12:55.289,1125,BeiDou MSM5 Observation,299,429,TARGET
2026-10-04 20:12:55.289,1095,Galileo MSM5 Observation,299,231,TARGET
2026-10-04 20:12:56.292,1006,Reference Station ARP + Antenna Height,300,27,TARGET
2026-10-04 20:12:56.292,1008,Antenna Descriptor & Serial Number,300,32,TARGET
2026-10-04 20:12:56.292,1033,Receiver & Antenna Descriptor,300,35,TARGET
2026-10-04 20:12:56.293,1075,GPS MSM5 Observation,300,296,TARGET
2026-10-04 20:12:56.294,1125,BeiDou MSM5 Observation,300,429,TARGET
2026-10-04 20:12:56.294,1095,Galileo MSM5 Observation,300,231,TARGET
2026-10-04 20:12:57.295,1006,Reference Station ARP + Antenna Height,301,27,TARGET
2026-10-04 20:12:57.295,1008,Antenna Descriptor & Serial Number,301,32,TARGET
2026-10-04 20:12:57.295,1033,Receiver & Antenna Descriptor,301,35,TARGET
2026-10-04 20:12:57.295,1075,GPS MSM5 Observation,301,296,TARGET
2026-10-04 20:12:57.296,1125,BeiDou MSM5 Observation,301,429,TARGET
2026-10-04 20:12:57.296,1095,Galileo MSM5 Observation,301,231,TARGET
2026-10-04 20:12:58.299,1006,Reference Station ARP + Antenna Height,302,27,TARGET
2026-10-04 20:12:58.299,1008,Antenna Descriptor & Serial Number,302,32,TARGET
2026-10-04 20:12:58.300,1033,Receiver & Antenna Descriptor,302,35,TARGET
2026-10-04 20:12:58.300,1075,GPS MSM5 Observation,302,296,TARGET
2026-10-04 20:12:58.301,1125,BeiDou MSM5 Observation,302,429,TARGET
2026-10-04 20:12:58.301,1095,Galileo MSM5 Observation,302,231,TARGET
2026-10-04 20:12:59.288,1006,Reference Station ARP + Antenna Height,303,27,TARGET
2026-10-04 20:12:59.288,1008,Antenna Descriptor & Serial Number,303,32,TARGET
2026-10-04 20:12:59.288,1033,Receiver & Antenna Descriptor,303,35,TARGET
2026-10-04 20:12:59.289,1075,GPS MSM5 Observation,303,296,TARGET
2026-10-04 20:12:59.290,1125,BeiDou MSM5 Observation,303,429,TARGET
2026-10-04 20:12:59.290,1095,Galileo MSM5 Observation,303,231,TARGET
2026-10-04 20:13:00.291,1006,Reference Station ARP + Antenna Height,304,27,TARGET
2026-10-04 20:13:00.291,1008,Antenna Descriptor & Serial Number,304,32,TARGET
2026-10-04 20:13:00.291,1033,Receiver & Antenna Descriptor,304,35,TARGET
2026-10-04 20:13:00.292,1075,GPS MSM5 Observation,304,296,TARGET
2026-10-04 20:13:00.293,1125,BeiDou MSM5 Observation,304,429,TARGET
2026-10-04 20:13:00.293,1095,Galileo MSM5 Observation,304,231,TARGET
2026-10-04 20:13:01.296,1006,Reference Station ARP + Antenna Height,305,27,TARGET
2026-10-04 20:13:01.296,1008,Antenna Descriptor & Serial Number,305,32,TARGET
2026-10-04 20:13:01.297,1033,Receiver & Antenna Descriptor,305,35,TARGET
2026-10-04 20:13:01.297,1075,GPS MSM5 Observation,305,296,TARGET
2026-10-04 20:13:01.298,1125,BeiDou MSM5 Observation,305,429,TARGET
2026-10-04 20:13:01.298,1095,Galileo MSM5 Observation,305,231,TARGET
2026-10-04 20:13:02.308,1006,Reference Station ARP + Antenna Height,306,27,TARGET
2026-10-04 20:13:02.308,1008,Antenna Descriptor & Serial Number,306,32,TARGET
2026-10-04 20:13:02.308,1033,Receiver & Antenna Descriptor,306,35,TARGET
